name,longitude,latitude
indonesia_langkowala_agm_region_1,121.9039524246923,-4.652957567516293
indonesia_langkowala_agm_region_2,121.9677180558095,-4.614366625771139
phillippines_iponan_river_agm_region,124.4549817459968,8.322622219405861
peru_rio_inambari_channel_agm_region,-70.35325599392932,-12.99113266108179
peru_delta_agm_region,-70.49112482602878,-13.02393635368407
peru_rio_quimiri_downstream,-70.43201870918698,-13.09000923576026
peru_mazuko_agm_region,-70.31468912376218,-13.08194612030535
peru_rio_araza_agm_region,-70.7286453695795,-13.16140001934744
peru_rio_colorado_delta_agm_region,-70.60353478860962,-12.98159688617794
peru_rio_colorado_tributary_reference_region,-70.50882927305435,-12.68177993225191
peru_madre_de_dios_main_stem_agm_region,-69.60683446305067,-12.69077194463535
peru_rio_malinowski_agm_region,-69.63491287277672,-12.92144314424585
peru_rio_malinowski_middle_agm_region,-69.96116945381118,-13.02862823247564
russia_koryak_plateau,166.2466844087174,60.93618538620681
mongolia_zaamar_goldfield,104.032362,47.977316
bolivia_porco,-65.979699,-19.798141
madagascar_ilakala_agm_region,45.25975966417472,-22.71305081657409
ghana_kumasi_agm_region,-1.837442,6.02436
mozambique_manica_TSTM,32.93040585286188,-18.91334314451437
mozambique_niassa_agm_region,35.091188,-11.852876
cameroon_lom_river_betare_agm_region,14.083318,5.620260096486283
venezuela_cantarrana_agm_region,-61.793098,4.44096
suriname_suriname_river_agm_region,-55.1355103239622,5.124977237500492
french_guiana_deux_branches_agm_region_TSTM,-53.29251599999999,4.833737
indonesia_south_sumatra_lampung,105.179602,-4.975488
indonesia_poelaupandan,102.642629,-2.401441
indonesia_jambi,102.363499,-1.518779
indonesia_pakoe,101.28035,-0.164314
indonesia_west_kalimantan_melawi_agm_region,111.597436,-0.033191
brazil_kayapo_preserve_agm_region,-50.97637416286158,-7.82215986137532
columbia_antioquia_agm_region,-74.80067867848861,7.78119670917079
guinea_banankoro_agm_region,-9.281168037885656,9.182242399291521
mali_faleme_agm_region,-11.40118246344863,13.01961167627544
liberia_cestos_river_agm_region,-9.273998048199873,5.698415510700421
liberia_sigwata_agm_region,-9.279374650835763,6.636828674139238
liberia_truma_agm_region,-7.939444747903616,5.641772474493251
liberia_cavalla_river_agm_region,-7.902209564809855,6.11365028489553
cote_divoire_cavalla_river_agm_region,-8.109739296209787,6.844798454790287
mali_faleme_upper,-11.37183902102027,12.49775331538924
mali_faleme_river_diabi_agm_region,-11.09726877523375,12.46524902755922
mali_faleme_river_agm_guinea_border,-11.04232126834143,12.36438261548087
mali_fie_river_mining_region,-8.466614587759521,11.7438403934903
nigeria_diko_agm_region,7.184521368644418,9.294074093972148
nigeria_jos_tin_mining_region,8.792951908909261,9.799687770575657
drc_mizinga_agm_region,27.86112329313729,-3.354993222028817
drc_isasa_agm_region,28.18353864117037,-3.115230137214688
angola_chicapa_river_middle_agm_region,20.51645829659107,-7.663318190435064
drc_ulindi_middle_agm_region,28.00156147212282,-2.798746689906043
drc_numbi_mining_region,28.82814967981087,-1.768482204336398
drc_fizi_agm_region_TSTM,28.87949106996983,-4.16471039340052
drc_maniema_river_agm_region,28.85336430058631,-5.02832619672917
angola_chissundo_diamond_region,21.17876817071341,-7.367613668415689
angola_kwango_river_cafunfo_diamond_region,17.93908650476603,-8.767095487953927
angola_mua_senge_mining_region_TSTM,18.83115298680043,-9.538378335363353
rwanda_sebeya_river_agm_region_TSTM,29.42335396370426,-1.788488496502901
drc_lindi_river_upper_agm_region,28.78899456277532,-0.4802624359834087
drc_lindi_river_middle_agm_region,28.50368027238982,-0.1858561926485788
drc_aruwimi_river_middle_agm_region,30.2213395345268,1.59384640803648
drc_tso_river_agm_region,30.36608350162687,1.787065331746354
drc_nizi_river_agm_region,30.29958770556425,1.736854742472872
drc_nizi_river_upper_agm_region,30.29591076873412,1.905415139660134
drc_galaya_mining_region,29.99758954603816,2.086104120123405
drc_pilipili_mining_region,30.03063006528659,2.015501566785105
drc_mongbwalu_mining_region,30.06566418345122,1.893852202737117
drc_mongbwalu_dala_mining_region,30.198056248841,1.981496778219469
drc_toyo_agm_region,28.76117637890122,0.365084992550153
tanzania_songea_agm_region_TSTM,35.15973364841434,-10.72770629662301
kagunguje_agm_region_TSTM,29.163895276744,-5.501633105176738
drc_seridi_agm_region,23.68821830104847,4.315867783174657
drc_bafwabango_agm_region,27.8204790324348,1.714793191814657
drc_durba_agm_region,29.59246413300259,3.090929155925833
drc_kibali_river_upper_agm_region,30.57773924893115,2.760129729622917
drc_makoro_agm_region,29.92314021353223,3.129710792056628
vietnam_laos_border_agm_project_TSTM,107.6318714436112,15.13845855446742
laos_attapeu_agm_region,107.4743331404204,15.04664894206915
vietnam_laos_border_agm_mine,107.6323611926311,15.28946843497265
myanmar_theinkun_agm_region,99.30500445175146,11.96579368449336
myanmar_kyeingyaung_agm_region,99.18984974629007,12.0098857305036
myanmar_dathwekyauk_agm_region_TSTM,98.9831529402361,12.94868140484468
myanmar_mogok_agm_region,96.4466053162131,22.97349786210528
myanmar_chaungmagyi_river_agm_region,96.45748395369634,22.78972181524021
kyrgystan_chatkal_river_agm_region,71.48548456017029,41.98805244224545
russia_reka_zeya_mining_region_TSTM,129.1716796575012,54.82337279090873
russia_oktyabrskii_agm_region_TSTM,128.6452768739118,52.84618603513817
russia_edakuy_agm_region_TSTM,115.0153663010157,52.29873132996183
russia_novotroitsk_agm_region_TSTM,114.0963935756154,52.02859197039103
mongolia_gatsuurt_agm_region,106.6234264675483,48.6361714623883
mongolia_khuder_agm_region,107.6842743602242,49.68458884892332
mongolia_darkhan_agm_region,106.9671314910638,49.35076242093041
mongolia_tologoyt_agm_region,107.3873560716397,49.48017304721937
mongolia_dugang_upstream_agm_region,107.0794288736861,49.12004635228269
russia_zakharovo_agm_region,109.6090542891,50.41317076738302
russia_mongolia_border_agm_region,110.1264153766535,49.33486572687599
phillipines_nalisbitan_agm_region,122.6358064932796,14.10007898560882
phillipines_quiniput_agm_region_TSTM,122.1085452757605,7.158496512540033
phillipines_quiniput_downstream_agm_region_TSTM,122.1215517173104,7.127320626752256
phillipines_canatuan_mine_TSTM,122.2729056704759,7.737327956418312
indonesia_west_kalimantan_djongkong_agm_region,112.2851932801018,0.534098357089123
indonesia_west_kalimantan_nangasuruk_agm_region,112.6628660894551,0.5327119550132885
indonesia_west_kalimantan_selimbau_agm_region_TSTM,112.0961925324357,0.6029851749988627
indonesia_west_kalimantan_duwapetunga_agm_region,110.7376813494395,0.7843065356539359
indonesia_west_kalimantan_nanga_sepauk_agm_region,111.1309906373833,-0.234707957863931
indonesia_west_kalimantan_monggo_agm_region,109.9427172301768,0.6147792910363624
indonesia_central_kalimantan_kapuas_south_agm_region,114.3574984227891,-1.321523077480597
indonesia_central_kalimantan_kahayan_agm_region,113.320526496311,-0.7772109179182359
indonesia_central_kalimantan_indonesia_mendawai_agm_region,113.3178558970215,-1.954001769032663
indonesia_central_kalimantan_mabau_agm_region,111.9566534114834,-2.059602439627952
indonesia_west_kalimantan_mekar_jaya_agm_region_TSTM,110.3311500065995,-1.894881045783051
indonesia_batang_asai_upper_agm_region,102.1259142432644,-2.313133945848716
indonesia_batang_hari_upper_bangko_agm_region,101.9832814571522,-2.109602149691414
indonesia_maura_soma_agm_region,99.35182255778079,0.6864682947922546
indonesia_hadangkahan_agm_region,99.26718371212475,0.6968433922163714
indonesia_tapoes_agm_region,99.27816850929479,0.5440157969417972
indonesia_panunggulan_agm_region_TSTM,99.16696696820924,0.8300314607410875
indonesia_tarutung_river_stone_mining_region,99.00052349987197,2.056896366351316
indonesia_kulu_agm_region,96.28378586626039,4.268471001457009
indonesia_kulu_upper_agm_region,96.38263486914454,4.342613959650168
indonesia_madreng_agm_region,96.33835613741536,4.502333358801336
indonesia_tutut_agm_region,96.12459115036353,4.519483164480363
indonesia_alue_tho_agm_region,95.89763517500622,4.812470898247611
indonesia_south_sumatra_soetangegoh_agm_region,104.5096702713587,-4.625127015255325
indonesia_south_sumatra_djabung_agm_region_TSTM,105.5080106273441,-5.391618768401519
indonesia_mnamoek_agm_region_TSTM,126.8385137265663,-3.464156464085713
indonesia_utuwa_agm_region,135.696234,-3.571124000000001
indonesia_nabire_barat_agm_region,135.6624281695765,-3.470293386916093
malaysia_sungai_tui_agm_region_TSTM,101.9754422481634,4.279925844862952
peru_tournavista_agm_region_TSTM,-74.92049470681798,-9.164085547580507
peru_huanuco_agm_region_TSTM,-74.83201829791139,-9.574215348366863
peru_la_pampa_north_agm_region,-69.97209877018679,-12.84671807161871
peru_chaspa_river_agm_region,-70.2394784442263,-13.24880293062343
brazil_upper_madeira_agm_region_TSTM,-65.06952577347532,-9.464933580423867
suriname_brokopondo_agm_region,-54.96142179547248,4.230017477820421
suriname_brownsweg_agm_region_TSTM,-55.23346422388388,4.96847113247978
suriname_brokolonka_agm_region,-55.55257949241026,5.026645050102313
suriname_babel_agm_region_TSTM,-54.50026965599218,5.026654108957353
suriname_gran_creek_agm_region,-54.84906033738807,4.451564115734325
guyana_essequibo_river_st_mary_agm_region,-59.09585476546024,5.129230706428724
guyana_potaro_river_agm_region,-59.13341494814403,5.292650514595278
guyana_rio_mazaroni_upper_agm_region,-59.33675764413884,6.271166398223635
guyana_kamuda_agm_region,-60.28449637213702,5.641496099200165
guyana_port_kaituma_agm_region,-60.03400963125348,7.568836862954883
guyana_barama_river_agm_region,-60.02602902548507,7.399709748246213
guyana_barama_river_middle_agm_region,-59.77995749280996,7.333673990587139
guyana_matthews_ridge_agm_region,-60.42590258254847,7.560225429437185
guyana_matthews_ridge_south_agm_region,-60.403432,7.497324000000001
venezuela_reserva_forestal_agm_region,-61.01165736667311,7.720131151453796
venezuela_reserva_forestal_lower_agm_region,-60.49662220117664,7.866806695222903
guyana_cuyuni_river_agm_region,-58.98530861921796,6.55227675106133
guyana_cuyuni_river_aurora_agm_region,-59.61537506577064,6.916186943318895
guyana_cuyuni_river_aurora_upper_agm_region,-59.95832176871728,6.828739282331652
venezuela_chicanan_river_las_claritas_agm_region,-61.46388035574861,6.194744270102429
venezuela_chicanan_trib_cuaicuru_agm_region,-61.85094946271826,6.295541251799897
venezuela_cuyuni_upper_agm_region,-62.40485006216726,6.652130684620412
venezuela_guarento_agm_region,-62.65967003642375,6.657906323414022
venezuela_rio_paragua_agm_region,-63.4959770151513,6.368988959873521
venezuela_raul_leoni_agm_region_TSTM,-62.99,5.3976
venezuela_sucre_bolivar_agm_region,-64.27895967734834,5.865630302942388
colombia_cordoba_agm_region_TSTM,-75.08030550443493,8.181339954939821
colombia_rio_san_pedro_agm_region,-75.719044,7.841004
colombia_atrato_river_bebarama_agm_region_TSTM,-76.61434745418728,6.068935423217691
colombia_rio_quito_quibdo_agm_region,-76.74208221650176,5.608178021156502
colombia_san_juan_river_paito_agm_region,-76.76785879945027,5.11500935973867
colombia_san_juan_river_torra_agm_region,-76.6384204468689,4.85129515476473
colombia_san_juan_river_charco_hondo_agm_region,-76.65065756156301,4.696031910702954
colombia_rio_calima_bajo_agm_region,-76.96225300954755,3.953388221019972
colombia_rio_telembi_agm_region,-78.04284591668248,1.669673781732108
colombia_rio_magui_payan_agm_region,-78.17522020934946,1.767285088773988
colombia_rio_iscuande_upper_agm_region,-77.59316675978963,1.969291851588499
colombia_rio_telembi_diaguillo_agm_region,-78.21900488047547,1.576794350539717
ecuador_el_progreso_agm_region_TSTM,-78.72197084808789,1.024646634805469
ecuador_rio_bogota_santa_rita_agm_region,-78.67546178810977,1.071455912925046
ecuador_tululbi_agm_region,-78.66365699999994,1.107276
ecuador_playa_de_oro_agm_region,-78.8007263526635,0.8581139713739849
ecuador_cinco_de_junio_agm_region,-78.77260596531706,0.9124778763604431
ecuador_rio_rircay_agm_region,-79.30549773969138,-3.32625923396725
ecuador_shaime_agm_region,-78.66250467073066,-4.332400815233275
ecuador_nangartiza_conguime_agm_region,-78.64818139471292,-4.033336343450452
ecuador_rio_nambija_agm_region,-78.78954226169112,-4.071478071070263
ecuador_rio_calera_agm_region,-79.63341944554976,-3.715834851496253
brazil_rio_novo_upper_agm_region,-56.61017041156857,-7.860701174207026
brazil_rio_novo_agm_region,-56.20153727357261,-6.717232991338524
brazil_rio_crepori_agm_region,-56.91893126849677,-7.029125271027455
brazil_jamanxim_river_jardim_do_ouro_agm_region,-55.93995784671933,-6.210762637539685
brazil_rio_tocantins_upper_agm_region,-56.36260767792585,-5.899111776639967
brazil_rio_tapajos_porto_rico_agm_region,-57.37758630245218,-6.078745487514173
brazil_rio_tapajos_upper_agm_region,-57.32439085363096,-7.087430335140679
brazil_rio_tapajos_trib_2_agm_region,-56.99660806976109,-5.756764460511073
brazil_rio_tapajos_trib_1_agm_region,-56.74035091499405,-5.592923403419801
angola_luangue_headwaters_mining_region,19.74983022650249,-9.7035764480872
brazil_floresta_do_amana_agm_region,-57.48665954392359,-5.109527143579777
brazil_lourenco_agm_region,-51.63892559170403,2.29692903180391
brazil_xingu_river_taboca_agm_region_TSTM,-52.25716995343023,-6.311608784040759
brazil_morada_do_sol_agm_region,-51.4710056171907,-5.898144661293263
brazil_luar_da_praia_agm_region,-54.93200670891804,-8.112318942900778
brazil_jamanxim_river_agm_region,-55.23324270381496,-7.925027998045119
brazil_riozinho_das_arraias_agm_region_TSTM,-55.58198690817222,-6.469884211590567
suriname_abetwakondre_agm_region,-54.72580895101847,3.792520529256552
suriname_maripasoula_agm_region,-54.1153875439425,3.653971916760408
french_guiana_inipi_agm_region_TSTM,-52.86359960726753,3.256947899929745
venezuela_rio_caroni_upper_agm_region,-61.41840746241529,4.844180706894661
venezuela_rio_yuruari_el_callao_agm_region,-61.77194967928669,7.358318619783634
venezuela_yapacana_agm_region_TSTM,-66.91974531585373,3.89374550648526
venezuela_yapacana_south_agm_region_TSTM,-66.7960453928222,3.714082772466762
colombia_rio_caqueta_puerto_limon_agm_region_TSTM,-76.49626256748586,0.9974902323365539
colombia_mona_agm_region,-74.73752258934853,6.871937727817547
colombia_rio_tigui_agm_region_TSTM,-74.46818684498189,7.583803168840697
colombia_villa_uribe_agm_region,-74.53579118254241,8.053249103369351
colombia_cienaga_el_popal_agm_region_TSTM,-73.93866231026767,7.747317170673115
colombia_norosi_agm_region_TSTM,-74.04800719180577,8.520984182138541
colombia_pueblo_nuevo_agm_region_TSTM,-74.13550287174336,8.457607709900001
colombia_vijagual_agm_region_TSTM,-74.22114604433698,8.46862794542001
colombia_tiquisio_agm_region_TSTM,-74.28873846057745,8.5219498942044
colombia_cano_bijara_agm_region_TSTM,-76.48053086643203,7.287986139099872
honduras_rio_guayape_agm_region,-86.60636082799093,14.60301822803179
honduras_rio_guayape_lower_agm_region,-86.38175694590414,14.53184728574939
indonesia_sungai_milango_river_agm_region,121.8724164542128,0.7387890080140226
indonesia_diapati_mtn_mining_region_TSTM,121.7945609216768,0.9614265870328328
myanmar_kawbyin_agm_region_TSTM,96.71782727778607,18.51162344141928
myanmar_peinnegyaung_agm_region,97.26017067141628,17.91157701357759
myanmar_mali_kha_river_yunrang_agm_region,97.76563810511861,26.37004967399077
myanmar_north_mali_kha_river_chipwi_agm_region,97.83402699226059,25.6073135574227
myanmar_lalawng_ga_agm_region,96.54615775355569,26.18430397175741
myanmar_shin_bway_yang_agm_region,96.21951987960107,26.66056858642058
myanmar_chindwin_river_chaumawng_ga_agm_region,96.23115438886839,26.31304409488776
myanmar_chindwin_river_hkamti_agm_region,95.82692572623667,26.03418203270112
myanmar_uyu_river_sezin_agm_region,96.07901012201717,25.49599850811915
myanmar_uyu_river_mingon_agm_region,95.65857496066945,24.65091211991022
myanmar_uyu_river_homalin_agm_region,95.14523349094091,24.81555949930738
myanmar_mu_river_migyaung_in_agm_region,95.31330742960493,23.88120946158127
myanmar_gadu_agm_region,94.5695610916212,23.5369406753905
myanmar_kabaunggya_agm_region_TSTM,95.18718861564703,23.07899754036206
myanmar_chaungzon_agm_region_TSTM,94.42985182328226,23.18694662752258
myanmar_kalat_agm_region,95.94357684429778,24.52913056716531
myanmar_tonpin_agm_region,95.93035137486305,24.21704323083022
myanmar_namsi_awng_agm_region,96.23966443024398,24.5899305824892
myanmar_maw_luu_agm_region,96.15935632334417,24.55032112814409
myanmar_mawhun_agm_region,96.18721397187242,24.62262416094481
myanmar_tatlwin_agm_region,95.82371210894463,24.02294653561405
myanmar_shaduzup_agm_region,96.58285174333221,25.9877663875819
myanmar_chishidu_agm_region_TSTM,96.54549333156324,25.62355346126958
myanmar_loipaw_agm_region_TSTM,96.43776227519285,25.36578897806437
myanmar_sikaw_agm_region,97.00177882514195,23.81527586028306
myanmar_kunchaung_agm_region,96.54645633691916,23.92952722082223
myanmar_maing_nawng_agm_region_TSTM,96.26496688914166,25.00894598309547
myanmar_mekahta_agm_region,97.11513346141058,17.70978061894637
myanmar_sittang_htikhe_agm_region,97.01948426762881,17.94294908332113
myanmar_chindwin_river_ningbyen_agm_region,96.50776183832082,26.68701722765556
venezuela_rio_caroni_lower_agm_region,-62.89016988981771,6.033096731378268
indonesia_batang_hari_river_muarakumpe_agm_region,102.0627897232889,-1.468918877052803
indonesia_tebingtinggi_agm_region,101.5649719628233,-1.028636161205329
indonesia_doesoenpasirmajang_agm_region,101.8726719545347,-0.9992861961529972
indonesia_indiragiri_river_kelajang_agm_region,101.7896027491692,-0.6939092205351416
indonesia_central_kalimantan_tandjoennbalik_agm_region,112.2776902423144,-1.049256735572077
colombia_gran_colombia_agm_region_TSTM,-75.59614331289607,5.477273013861719
peru_las_piedras_agm_region,-69.63133134832832,-12.41476450092763
colombia_rio_mata_agm_region_TSTM,-74.7962509025445,6.996578118323773
russia_yenisei_novaya_agm_region,92.92240133062957,60.27420985774518
nigeria_ijesa_agm_region_TSTM,4.623023273486968,7.444241860505358
mozambique_buzi_river_mining_region,32.94424532684162,-19.98544366029705
sierra_leone_sewa_river_agm_region,-11.14742666235219,8.658907664377328
sierra_leone_pampan_river_gold_diamond_region,-11.84692831180813,8.725023331916788
gambia_koulountu_agm_region_TSTM,-13.50605984115488,12.97974398547758
senegal_river_gambie_agm_region_TSTM,-12.43093759415762,12.81983095141081
russia_tumnin_agm_region_TSTM,139.5815048250153,50.6424679962538
russia_tumnin_tributary_agm_region_TSTM,139.7119683619888,50.4812967433101
laos_antoum_agm_region,107.3153438734153,14.67612706886794
mozambique_mavita_agm_region,33.24422538270782,-19.52622225496411
colombia_san_juan_river_novita_agm_region,-76.58322939728843,4.951983262249509
french_guiana_maripasoula_upper_agm_region,-53.62828724537744,3.270575757943444
french_guiana_dorlin_agm_region,-53.53982558499182,3.752043654342627
french_guiana_mana_river_agm_region,-53.76890958977257,5.031408707930038
french_guiana_saul_agm_region,-53.37920952851717,3.86628169101473
french_guiana_cocoye_agm_region,-54.15498813528723,4.065266547825751
suriname_aeroplane_konde_agm_region,-54.56957786805277,4.362991683399767
suriname_lawa_river_agm_region,-54.39167371348501,3.137346089561927
colombia_rio_bagre_upper_agm_region,-74.63587520353835,7.168015901189091
indonesia_north_sulawesi_gorontalo_agm_region_TSTM,121.9987889816853,0.5608442929302649
indonesia_batang_hari_bedaro_agm_region,101.9178867292601,-1.596364064147439
indonesia_batang_hari_tanahperioek_agm_region,101.8855819379944,-1.390530641136406
indonesia_batang_hari_trib3,101.9626008878227,-1.425509866195866
indonesia_batang_hari_gasing_agm_region,101.2110603769888,-1.282669024280977
indonesia_batang_hari_trib2,102.3477473027107,-1.754033248123696
indonesia_inderagiri_muara_agm_region,100.927753890563,-0.6824422829392136
indonesia_inderagiri_taluk_agm_region,101.4895481836244,-0.5599635227272471
russia_reka_bolshoy_pit_agm_region,93.74233006300426,59.80220161924575
russia_reka_bolshoy_pit_partizansk_agm_region,94.04186470021872,58.90359879230313
russia_yenisei_yuzhno_agm_region,94.61273899411493,58.77521561655997
russia_reka_kiya_agm_region,88.02263788896315,55.09402021796978
russia_reka_zolotoy_kitat_agm_region,86.72621995008342,55.65646057934088
mozambique_manica_zimbabwe_border_agm_region,32.85403814151935,-18.80675021196772
peru_alto_malinowski_agm_region,-70.27531750207046,-13.13233871420441
peru_la_pampa_south_agm_region,-70.01591041081672,-12.93236584599646
bolovia_potosi,-65.61063030147392,-19.49791906452436
bolivia_mayaya_agm_region,-68.02366183088279,-15.5654798787051
bolivia_mapiri_agm_region,-68.30968603920928,-15.30629361348116
bolivia_achipiri_agm_region,-68.24397312741107,-15.21459828787199
bolivia_charopampa_agm_region,-67.90696278603492,-15.604862115578
madagascar_toliara_agm_region,45.04219780312943,-22.88716129889719
madagascar_maninday_agm_region_TSTM,44.78777841528233,-22.77691549954787
madagascar_ambinany_agm_region_TSTM,44.71825867033852,-22.69218976227672
ghana_pra_up_agm_region,-0.5421870130316742,6.38793523865397
ghana_tano_river_agm_region,-2.466944708859878,5.861618083571428
ghana_ankobra_river_agm_region,-2.126187593830748,5.743906607161425
nigeria_ogun_river_agm_region,3.329343680175205,7.066452360821114
cameroon_lom_river_wakaso_agm_region,14.54684558236748,6.353328447425922
cameroon_kadei_river_agm_region,14.35803730416611,4.96452426951276
cameroon_kadei_river_batouri_agm_region,14.4077499025918,4.449639885121647
central_african_republic_kadei_river_sosso_agm_region,15.47238473859828,3.917340409285629
central_african_republic_mambere_river_abba_agm_region,15.23551878393502,5.172445456726959
central_african_republic_mambere_river_carnot_agm_region,15.73632143010307,4.90659305814851
central_african_republic_mambere_trib_agm_region,15.79074820423527,5.247164335662252
indonesia_kampar_agm_region,101.0189469930132,0.3766382205728427
brazil_kayapo_preserve_north_agm_region,-51.11179508682958,-6.897551761838331
guinea_niger_river_agm_region,-8.72523700387599,11.62881371590674
angola_chicapa_upper_diamond_region,20.55533763521967,-8.523247006866091
drc_mbuji_mayi_diamond_region,23.60062968529772,-6.156094006204958
drc_bena_baya_east_diamond_region,23.36409075044686,-6.290325665192736
drc_bena_baya_west_diamond_region,23.32476502285814,-6.272806790038632
angola_andrada_diamond_region,21.3838819606883,-7.754352799306754
angola_maludi_diamond_region,21.2078606241605,-8.130039752166471
angola_magambundi_diamond_region,20.7721856356985,-8.377032528050442
rwanda_sebeya_river_upper_agm_region_TSTM,29.46208529946334,-1.842028041261082
drc_lindi_river_upper_north_agm_region,28.88401982028932,-0.4250295981326467
drc_isasa_trib_agm_region,27.76487123514186,-3.773115885096579
drc_lualaba_cobalt_mining_region_TSTM,25.62731545957392,-10.62386848906611
drc_lualaba_kyamazungu_mining_region_TSTM,25.89930385901056,-10.62613650574115
angola_luena_diamond_region,19.92511295605904,-11.78897235273705
angola_chicapa_headwaters_diamond_region,20.29049665949466,-9.39237824313317
central_african_republic_bozoum_mining_region,16.3581762164249,6.343521434401201
central_african_republic_datoli_mining_region,17.00410068304185,5.692159532668832
south_sudan_juba_agm_region_TSTM,31.38347769016812,4.847474320896026
central_african_republic_nzacko_agm_region_TSTM,22.86157903448007,6.14675262679485
brazil_mocoto_agm_region_TSTM,-51.88909679139086,-3.64619764305318
central_african_republic_bocaranga_agm_region_TSTM,15.66717637463909,6.814165968549521
central_african_republic_bakaba_agm_region_TSTM,17.25150950083669,6.131581928458352
canada_bc_barkerville_agm_region_TSTM,-121.5521556667361,53.07377064982642
canada_yukon_dawson_city_agm_region,-139.3612614822013,64.01472411020146
canada_yukon_indian_river_agm_region_TSTM,-138.6479440698983,63.65952031388755
canada_bc_atlin_agm_region_TSTM,-133.4201622240502,59.57366702463722
north_korea_kyuryu_river_agm_region_TSTM,125.7401589386634,40.19358357425041
north_korea_kyuru_lower_river_mining_region,125.8000661638223,39.92573171360662
north_korea_holdong_agm_region_TSTM,125.6285389994954,39.17301257662748
north_korea_ryongpo_ree_mining_region_TSTM,125.1885790883437,39.80324829872321
papua_new_guinea_misima_agm_region_TSTM,152.7837016905584,-10.68148955602971
new_zealand_grey_river_agm_region_TSTM,171.4168431534771,-42.43537017218705
new_zealand_waikaia_agm_region,168.8208212955681,-45.75070023659693
new_zealand_rimu_agm_region_TSTM,170.9654182506735,-42.75371415000509
new_zealand_taramakau_agm_region_TSTM,171.2835105275893,-42.54544238353121
new_zealand_nevis_agm_region_TSTM,168.8978786140603,-45.31346224373385
new_zealand_waiau_agm_region,167.649935267854,-45.79183230384865
ethiopia_awata_river_mining_region,38.9435825739849,5.638521215691943
ethiopia_awata_river_lower_mining_region,38.9605617675222,5.493587446788061
ethiopia_awata_river_upper_mining_region,38.79018660134804,5.754557229889945
tanzania_amani_river_agm_region_TSTM,34.96036956115282,-10.01263902159253
south_africa_johannesburg_mining_area_TSTM,27.94442273398973,-26.21070542756011
burkina_faso_debere_agm_region_TSTM,-0.09088693345328136,14.36425146686311
mozambique_melela_river_mining_region,37.66602892202087,-15.85813262783161
madagascar_mananjary_agm_region,48.02109880897547,-21.32744886671382
madagascar_vohilava_agm_region,47.97969984374514,-21.07995434700083
madagascar_ambodisaina_agm_region,48.12260224638565,-20.93001301445345
madagascar_ampitamalandy_agm_region,48.02930252735187,-20.84730488592669
madagascar_fanantara_river_agm_region,48.07954403224327,-20.72924504021929
madagascar_ambalanengitra_mining_region_TSTM,48.53686218717686,-20.08498760614007
madagascar_ampahaka_mining_region_TSTM,49.32112001666443,-13.11802304369289
madagascar_betsiaka_agm_region,49.23406951578321,-13.16943558395976
madagascar_sandratsio_river_agm_region,48.80498032218777,-17.03546795983518
madagascar_ambodivaohangy_ruby_region,48.61215960867847,-18.51948999643841
madagascar_tetezambato_mining_region,49.1978998510644,-18.44702786217441
madagascar_didy_mining_region,48.63311838761113,-18.12409467403578
madagascar_ambodiampaly_mining_region,48.68641763435782,-17.99824041307742
republic_of_the_congo_elogo_agm_region_TSTM,14.26687666094757,1.820775226764069
republic_of_the_congo_ekadouma_agm_region_TSTM,13.9138550959856,1.835311642240437
republic_of_the_congo_mama_agm_region_TSTM,13.4236720342396,1.903460224555346
republic_of_the_congo_lvindio_river_agm_region,13.18869017180555,1.539501429315897
gabon_lvindio_river_agm_region,13.07164581810006,1.227669194788984
gabon_massima_agm_region_TSTM,11.57016064680024,-1.440626587753629
republic_of_the_congo_kelle_agm_region,14.27501169109543,0.1291744170806596
republic_of_the_congo_kouilou_agm_region,12.07438685705008,-4.106804050296292
republic_of_the_congo_magobe_agm_region_TSTM,15.61970106625328,1.747626874795961
gabon_ngounie_river_agm_region,10.72631439891778,-0.7803955304180136
gabon_ndekabalandji_upper_mining_region,13.11345555840138,-0.4960907703529103
gabon_ndekabalandji_mining_region,12.97877338420635,-0.7492750286185715
republic_of_the_congo_kekele_agm_region_TSTM,14.25494079475616,0.4139654366010493
gabon_ndjole_agm_region_TSTM,10.95753985654055,0.1879299881875468
turkey_ikizdere_stream_mining_area_TSTM,40.41548160555288,40.91766766627571
turkey_murgul_agm_region_TSTM,41.55159618405891,41.23869881800479
sierra_leone_gbangbama_rutile_mining_region,-12.24434950394255,7.746039081539173
sierra_leone_baomahun_mining_region,-11.68700251945226,8.420592936367326
sierra_leone_teye_river_mining_region,-11.87707656691089,8.414855369131722
sierra_leone_bomi_diamond_region,-11.05323080372423,8.23187339459499
nigeria_jos_bunga_river_tin_mining_region,8.840455644033502,10.01245300615937
nigeria_anka_zamfara_river_agm_region_TSTM,6.201763683984067,12.11263964456602
malaysia_kampung_kuala_lepar_agm_region_TSTM,101.8510170796532,4.631196481229802
new_caledonia_kaviju_nickel_mining_region_TSTM,165.7470588312297,-21.39885347404317
new_caledonia_mueo_river_nickel_mining_region_TSTM,165.0893417359641,-21.24148513345991
new_caledonia_thio_river_nickel_region_TSTM,166.1374454483674,-21.72457067611868
new_caledonia_hwa_no_river_nickel_region_TSTM,166.2172331403415,-21.95493212255204
phillippines_carrascal_nickel_region_TSTM,125.9051415367761,9.376994744166511
phillippines_taganito_nickel_region_TSTM,125.8120922491601,9.537816904086522
laos_phua_bia_mining_region_TSTM,103.1147750261595,19.49182696009053
phillippines_dizon_silver_copper_mining_region_TSTM,120.3331322566705,14.96800154788055
phillippines_lepanto_agm_region_TSTM,120.7744287428137,16.86075342582773
indonesia_labota_nickel_region_TSTM,122.0436875808341,-2.890655633782041
indonesia_tambea_nickel_region_TSTM,121.5925034008786,-4.255537600580212
indonesia_muara_kuaro_agm_region_TSTM,115.8180270420999,-1.693215690748895
colombia_puerto_belgica_agm_region,-75.13877113117928,7.692396846474339
brazil_mucajai_river_upper_agm_region,-63.06186877666595,2.598439410871094
brazil_uraricoera_agm_region,-63.27832380522392,3.630120544066809
brazil_uraricoera_trib1_agm_region,-63.53173523111003,3.12486966463673
brazil_uraricoera_trib2_agm_region,-63.70849277629227,3.118982616315229
brazil_uraricoera_middle_agm_region,-63.61606214417981,3.742842380288744
brazil_muajai_river_headwaters_agm_region,-63.65560658983682,2.518319164525668
venezuela_rio_ocamo_headwaters_agm_region,-64.22469534397835,3.41539533095036
brazil_parima_river_headwaters_agm_region_TSTM,-63.77626286366232,2.532475590729161
brazil_catrimani_river_trib_agm_region,-63.24591174646819,2.351559699213543
brazil_catrimani_river_agm_region,-62.92585957324301,2.339161974067913
russia_reka_aldan_nizhnii_agm_region_TSTM,125.64686681714,58.84757521025724
russia_nagorny_agm_region,125.3372271051552,56.25553776247335
russia_takhtamygda_mining_region,123.0568004901852,54.37723858230059
russia_ust_urkima_mining_region,123.2601801380529,55.26908377821496
russia_beregovoi_mining_region,127.0315090189742,54.43850987218106
russia_amur_pioner_mining_region,126.2782512811476,53.55833092613499
china_hanjiayuan_mining_region,125.7412650344191,52.06344208780656
china_xinglong_town_mining_region,126.0762765975568,51.75211975132715
china_gulonggan_river_mining_region,126.1811899808196,51.45059602305763
china_beikuanhe_mining_region,126.5292249140293,51.02637719468048
china_fabiela_river_mining_region,126.5702505319821,50.3521954910379
russia_novoraychkhinsk_mining_region,129.4715323522443,49.79635474157013
russia_kudcha_mining_region,119.3626738648592,53.43195382042872
russia_mogocha_mining_region,119.5874752731386,53.84594342082291
russia_reka_urka_mining_region,121.9336088528463,54.19398327826431
russia_kharatsai_mining_region,104.48255652583,50.37890181926662
cambodia_preah_dak_mining_region,103.9912129506284,13.41905441436948
cambodia_chi_kreng_gold_mining_region,104.3574817501079,13.18542735124543
cambodia_ban_mesi_agm_region_TSTM,106.8712318402596,12.61940575727206
vietnam_lam_dong_mining_region_TSTM,107.736721453339,11.52529607449811
